{
  "credit": "Made with Blockbench",
  "texture_size": [
    64,
    64
  ],
  "elements": [
    {
      "from": [
        0,
        0,
        2
      ],
      "to": [
        15,
        10,
        14
      ],
      "faces": {
        "north": {
          "uv": [
            3.75,
            0,
            7.5,
            2.5
          ],
          "texture": "#0"
        },
        "east": {
          "uv": [
            3.75,
            5,
            6.75,
            7.5
          ],
          "texture": "#0"
        },
        "south": {
          "uv": [
            3.75,
            2.5,
            7.5,
            5
          ],
          "texture": "#0"
        },
        "west": {
          "uv": [
            0,
            6,
            3,
            8.5
          ],
          "texture": "#0"
        },
        "up": {
          "uv": [
            3.75,
            3,
            0,
            0
          ],
          "texture": "#0"
        },
        "down": {
          "uv": [
            3.75,
            3,
            0,
            6
          ],
          "texture": "#0"
        }
      }
    }
  ]
}