{"stats":{"minecraft:killed":{"herobrinemod:herobrine":3},"minecraft:used":{"herobrinemod:herobrine_spawn_egg":4,"herobrinemod:head_herobrine":1,"minecraft:netherite_sword":87},"minecraft:picked_up":{"herobrinemod:head_herobrine":3},"minecraft:custom":{"minecraft:jump":134,"minecraft:leave_game":1,"minecraft:time_since_rest":5876,"minecraft:damage_taken":196,"minecraft:walk_on_water_one_cm":220,"minecraft:crouch_one_cm":6,"minecraft:damage_dealt":3849,"minecraft:sprint_one_cm":6136,"minecraft:play_time":5876,"minecraft:time_since_death":5876,"minecraft:walk_one_cm":16327,"minecraft:sneak_time":35,"minecraft:total_world_time":5925,"minecraft:mob_kills":4,"minecraft:fall_one_cm":2564,"minecraft:fly_one_cm":56842}},"DataVersion":3337}