{"stats":{"minecraft:killed":{"minecraft:slime":4},"minecraft:used":{"minecraft:yellow_dye":1,"minecraft:bricks":1288,"minecraft:spruce_door":5,"minecraft:grass_block":1,"minecraft:oak_planks":743,"minecraft:oak_sign":3,"minecraft:chest":2,"minecraft:red_dye":1,"minecraft:glow_ink_sac":3},"minecraft:picked_up":{"minecraft:slime_ball":1},"minecraft:custom":{"minecraft:time_since_rest":43679,"minecraft:open_chest":3,"minecraft:crouch_one_cm":63630,"minecraft:play_time":43679,"minecraft:sprint_one_cm":1373,"minecraft:walk_one_cm":34744,"minecraft:sneak_time":12795,"minecraft:mob_kills":4,"minecraft:jump":648,"minecraft:damage_dealt":226,"minecraft:leave_game":1,"minecraft:time_since_death":43679,"minecraft:total_world_time":46816,"minecraft:fly_one_cm":67996}},"DataVersion":3337}